{"cameraMode":{"drawMode":0,"name":"Shaded","section":"Shading Mode"},"sceneLighting":false,"audioPlay":false,"sceneViewState":{"showFog":true,"showMaterialUpdate":false,"showSkybox":false,"showFlares":true,"showImageEffects":true,"showParticleSystems":true},"in2DMode":false,"pivot":{"x":0.026824951171875,"y":0.8628679513931274,"z":1.393266201019287},"rotation":{"x":-0.1952521950006485,"y":-0.802728533744812,"z":0.4305707514286041,"w":-0.3641137480735779},"size":3.1641407012939455,"orthographic":false}