{"cameraMode":{"drawMode":0,"name":"Shaded","section":"Shading Mode"},"sceneLighting":false,"audioPlay":false,"sceneViewState":{"showFog":true,"showMaterialUpdate":false,"showSkybox":false,"showFlares":true,"showImageEffects":true,"showParticleSystems":true},"in2DMode":false,"pivot":{"x":-7.820835890015587e-7,"y":-2.575307007646188e-7,"z":0.000009198557563649956},"rotation":{"x":0.2162570208311081,"y":-0.6551957726478577,"z":0.20391662418842317,"w":0.6946347951889038},"size":0.000017320508050033823,"orthographic":false}