{"cameraMode":{"drawMode":0,"name":"Shaded","section":"Shading Mode"},"sceneLighting":false,"audioPlay":false,"sceneViewState":{"showFog":true,"showMaterialUpdate":false,"showSkybox":false,"showFlares":true,"showImageEffects":true,"showParticleSystems":true},"in2DMode":false,"pivot":{"x":0.00001918997077154927,"y":-0.0000056908465921878818,"z":0.00001429840449418407},"rotation":{"x":-0.27079734206199648,"y":-0.014602604322135449,"z":-0.004120842553675175,"w":0.9626128673553467},"size":2.1000173091888429,"orthographic":false}