{"cameraMode":{"drawMode":0,"name":"Shaded","section":"Shading Mode"},"sceneLighting":false,"audioPlay":false,"sceneViewState":{"showFog":true,"showMaterialUpdate":false,"showSkybox":false,"showFlares":true,"showImageEffects":true,"showParticleSystems":true},"in2DMode":false,"pivot":{"x":-0.000004291534423828125,"y":0.8919374942779541,"z":-0.05671501159667969},"rotation":{"x":-0.000720993906725198,"y":0.9695292115211487,"z":-0.2452651411294937,"w":-0.0027510873042047025},"size":1.4533501863479615,"orthographic":false}