{"cameraMode":{"drawMode":0,"name":"Shaded","section":"Shading Mode"},"sceneLighting":false,"audioPlay":false,"sceneViewState":{"showFog":true,"showMaterialUpdate":false,"showSkybox":false,"showFlares":true,"showImageEffects":true,"showParticleSystems":true},"in2DMode":false,"pivot":{"x":-3.585721969604492,"y":0.9805738925933838,"z":-2.2509336471557619},"rotation":{"x":0.010891659185290337,"y":-0.989036500453949,"z":0.11501237004995346,"w":0.09298056364059448},"size":1.0037057399749756,"orthographic":false}