{"cameraMode":{"drawMode":0,"name":"Shaded","section":"Shading Mode"},"sceneLighting":false,"audioPlay":false,"sceneViewState":{"showFog":true,"showMaterialUpdate":false,"showSkybox":false,"showFlares":true,"showImageEffects":true,"showParticleSystems":true},"in2DMode":false,"pivot":{"x":0.6810863614082336,"y":0.32285183668136599,"z":1.3382725715637208},"rotation":{"x":0.21759802103042603,"y":-0.40209007263183596,"z":0.09893500804901123,"w":0.8838934898376465},"size":0.7183898091316223,"orthographic":false}