{"cameraMode":{"drawMode":0,"name":"Shaded","section":"Shading Mode"},"sceneLighting":true,"audioPlay":false,"sceneViewState":{"showFog":true,"showMaterialUpdate":false,"showSkybox":true,"showFlares":true,"showImageEffects":true,"showParticleSystems":true},"in2DMode":false,"pivot":{"x":0.04603004455566406,"y":0.6713957786560059,"z":0.1838393211364746},"rotation":{"x":-0.31808149814605715,"y":-0.13159917294979096,"z":0.043354813009500507,"w":-0.9379011988639832},"size":4.160181045532227,"orthographic":false}