{"cameraMode":{"drawMode":0,"name":"Shaded","section":"Shading Mode"},"sceneLighting":false,"audioPlay":false,"sceneViewState":{"showFog":true,"showMaterialUpdate":false,"showSkybox":false,"showFlares":true,"showImageEffects":true,"showParticleSystems":true},"in2DMode":false,"pivot":{"x":1280.0001220703125,"y":754.1246337890625,"z":7.293192386627197},"rotation":{"x":0.29085665941238406,"y":-0.11405893415212631,"z":0.034894805401563647,"w":0.9493984580039978},"size":125.0,"orthographic":false}