{"cameraMode":{"drawMode":0,"name":"Shaded","section":"Shading Mode"},"sceneLighting":false,"audioPlay":false,"sceneViewState":{"showFog":true,"showMaterialUpdate":false,"showSkybox":false,"showFlares":true,"showImageEffects":true,"showParticleSystems":true},"in2DMode":false,"pivot":{"x":-0.7211135625839233,"y":-0.3138834834098816,"z":0.2572915256023407},"rotation":{"x":0.08303236216306687,"y":-0.8825464844703674,"z":0.17047923803329469,"w":0.4303433299064636},"size":0.5613105297088623,"orthographic":false}