{"cameraMode":{"drawMode":0,"name":"Shaded","section":"Shading Mode"},"sceneLighting":false,"audioPlay":false,"sceneViewState":{"showFog":true,"showMaterialUpdate":false,"showSkybox":false,"showFlares":true,"showImageEffects":true,"showParticleSystems":true},"in2DMode":false,"pivot":{"x":0.0,"y":1.483597993850708,"z":-0.13158392906188966},"rotation":{"x":0.10406147688627243,"y":0.8579104542732239,"z":-0.18882355093955995,"w":0.4663885533809662},"size":4.269996166229248,"orthographic":false}