{"cameraMode":{"drawMode":0,"name":"Shaded","section":"Shading Mode"},"sceneLighting":false,"audioPlay":false,"sceneViewState":{"showFog":true,"showMaterialUpdate":false,"showSkybox":false,"showFlares":true,"showImageEffects":true,"showParticleSystems":true},"in2DMode":false,"pivot":{"x":-0.2958327829837799,"y":0.5857259631156921,"z":0.23438280820846559},"rotation":{"x":0.14605368673801423,"y":0.7502614259719849,"z":-0.17667703330516816,"w":0.6202106475830078},"size":1.1579585075378419,"orthographic":false}